dataset_name,scenario_name,scenario_family,mode,target,alpha,beta,mix_lambda,start_epoch,trainable_scope,best_test_macro_f1_at_best_val_count,best_test_macro_f1_at_best_val_mean,best_test_macro_f1_at_best_val_std,best_test_macro_f1_at_best_val_min,best_test_macro_f1_at_best_val_max,best_test_accuracy_at_best_val_count,best_test_accuracy_at_best_val_mean,best_test_accuracy_at_best_val_std,best_test_accuracy_at_best_val_min,best_test_accuracy_at_best_val_max,best_test_loss_at_best_val_count,best_test_loss_at_best_val_mean,best_test_loss_at_best_val_std,best_test_loss_at_best_val_min,best_test_loss_at_best_val_max,best_val_macro_f1_count,best_val_macro_f1_mean,best_val_macro_f1_std,best_val_macro_f1_min,best_val_macro_f1_max,best_val_accuracy_count,best_val_accuracy_mean,best_val_accuracy_std,best_val_accuracy_min,best_val_accuracy_max,best_val_loss_count,best_val_loss_mean,best_val_loss_std,best_val_loss_min,best_val_loss_max,final_test_macro_f1_count,final_test_macro_f1_mean,final_test_macro_f1_std,final_test_macro_f1_min,final_test_macro_f1_max,final_test_accuracy_count,final_test_accuracy_mean,final_test_accuracy_std,final_test_accuracy_min,final_test_accuracy_max,final_val_macro_f1_count,final_val_macro_f1_mean,final_val_macro_f1_std,final_val_macro_f1_min,final_val_macro_f1_max,mean_grad_norm_count,mean_grad_norm_mean,mean_grad_norm_std,mean_grad_norm_min,mean_grad_norm_max,mean_nonfinite_grad_tensors_count,mean_nonfinite_grad_tensors_mean,mean_nonfinite_grad_tensors_std,mean_nonfinite_grad_tensors_min,mean_nonfinite_grad_tensors_max,total_nonfinite_train_loss_batches_count,total_nonfinite_train_loss_batches_mean,total_nonfinite_train_loss_batches_std,total_nonfinite_train_loss_batches_min,total_nonfinite_train_loss_batches_max,mean_fractional_applied_params_count,mean_fractional_applied_params_mean,mean_fractional_applied_params_std,mean_fractional_applied_params_min,mean_fractional_applied_params_max,mean_epoch_time_count,mean_epoch_time_mean,mean_epoch_time_std,mean_epoch_time_min,mean_epoch_time_max,mean_throughput_count,mean_throughput_mean,mean_throughput_std,mean_throughput_min,mean_throughput_max,total_epoch_time_count,total_epoch_time_mean,total_epoch_time_std,total_epoch_time_min,total_epoch_time_max
ag_news,emb_mix_a08_lam015,embedding_weak_mix,mix,embeddings,0.8,0.9,0.015,1.0,all,20,0.9365816407400089,0.008335075164842902,0.9218520263785914,0.9459254322299672,20,0.9365921080112457,0.008288306249349434,0.921842098236084,0.9459210634231567,20,0.21189342719551765,0.026239916176054614,0.16589512900302283,0.27581686284981277,20,0.9377312924981898,0.007988172932936263,0.9216533027447437,0.9465283013951774,20,0.9377708345651626,0.007924943825177664,0.921750009059906,0.9465000033378601,20,0.2061147412488858,0.024436479886320802,0.15840024691820145,0.2672235789398352,20,0.8934777724853852,0.186914408951252,0.09999999999991997,0.9437596481122922,20,0.9009868443012238,0.1534056070982709,0.25,0.9436842203140259,20,0.8941202627897387,0.18685028882277485,0.10079840319353227,0.9457213585572555,20,0.9438417114775793,0.06565182299153063,0.7886445069877139,0.9882680491054023,20,0.0013539583916410114,0.003922497399858816,0.0003555555555555555,0.01801250116615356,20,218.4,976.7144925719082,0.0,4368.0,20,5.18,1.0440810615837712,4.0,7.0,20,729.7174244999885,492.97877585762836,162.51074161529542,1570.9681457996369,20,240.12013130043138,188.6521279708472,53.656000258303585,705.092286883407,20,3648.587122499943,2464.8938792881418,812.553708076477,7854.840728998184
ag_news,baseline_adamw,baseline,none,none,,,0.0,,all,20,0.9364919394943229,0.008863070037987458,0.9206608510406811,0.9455125592647391,20,0.9365131586790085,0.008776209986922212,0.9207894802093506,0.9455263018608093,20,0.21399011205136778,0.02177456729123687,0.18112698934580151,0.250738878501089,20,0.9364648607230193,0.007653611480476049,0.9219030091548439,0.9471919223486432,20,0.9365791648626327,0.007620015367793792,0.921833336353302,0.9471666812896729,20,0.2104096965789795,0.015998124919234625,0.18674597704410553,0.2441697611808777,20,0.9351741249346798,0.007976903766666639,0.9206608510406811,0.9437646642743432,20,0.9351973742246628,0.007895715317657977,0.9207894802093506,0.9436842203140259,20,0.9352149919731432,0.006746750271472198,0.9219030091548439,0.9436530112244582,20,0.960255213018067,0.05831619071376601,0.8598299508342109,0.9990127979570704,20,0.0004711111111111111,0.00010786418968480612,0.0003555555555555555,0.0007703703703703703,20,0.0,0.0,0.0,0.0,20,0.0,0.0,0.0,0.0,20,714.7510953211784,413.604742362866,280.4986399173737,1336.745848751068,20,211.0778223259455,118.26825352589427,80.79487666673245,385.4234271376621,20,3573.755476605892,2068.0237118143295,1402.4931995868683,6683.729243755341
ag_news,emb_mix_a08_lam010,embedding_weak_mix,mix,embeddings,0.8,0.9,0.01,1.0,all,20,0.9359221926197667,0.008638362622292818,0.9198579661384256,0.9458550803068615,20,0.935947373509407,0.008569460778393405,0.9198684096336365,0.9457894563674927,20,0.21267017519944592,0.02356106204055357,0.1702318459435513,0.2495729596991288,20,0.9372634975209015,0.008498249507984829,0.921827968376957,0.948470307513675,20,0.9372916668653488,0.00843965151087855,0.921833336353302,0.9483333230018616,20,0.20809092141489188,0.023300589096597407,0.16451349063714346,0.24191541719436646,20,0.9348312663225838,0.00781088472205101,0.9198579661384256,0.9445444074876126,20,0.9348881661891937,0.007763372984097954,0.9198684096336365,0.94460529088974,20,0.93597492070542,0.007504847796290559,0.921827968376957,0.9434325326426856,20,0.9564375539981999,0.0553171262868878,0.8616518265801663,0.9914896917284034,20,0.000482962962962963,0.00011738246947997492,0.0003555555555555555,0.0008296296296296296,20,0.0,0.0,0.0,0.0,20,5.25,1.1180339887498947,4.0,7.0,20,766.3296752429009,525.3048023035822,280.9835522174835,1604.583536195755,20,212.27988794919884,121.96900016078216,67.30842440207945,384.62607976004455,20,3831.6483762145044,2626.5240115179113,1404.9177610874176,8022.917680978775
ag_news,delayed_head_mix_a08_lam010_warm1,head_mixed_control,mix,head,0.8,0.9,0.01,2.0,all,20,0.9357717954095746,0.008630436272140468,0.9200511991041673,0.945676473359571,20,0.9358092159032821,0.008580588614446901,0.9202631711959839,0.9456579089164734,20,0.21448051227864467,0.023796385087565354,0.1722075316780492,0.24581185039721037,20,0.9368003912622823,0.008372817602921268,0.9220803894829375,0.9483193048473924,20,0.936879163980484,0.008372817093284864,0.921999990940094,0.9488333463668823,20,0.20795113700181247,0.023199503173541764,0.16178023767471314,0.23747271966934205,20,0.9344506555322483,0.007951458719112533,0.9200511991041673,0.9439675229699621,20,0.9344999969005585,0.007912907181702889,0.9202631711959839,0.9439473748207092,20,0.9352498530969819,0.007038819038565109,0.9220803894829375,0.943532558679785,20,0.960837403044805,0.05750700085868935,0.8587232920221732,0.9986784070781253,20,0.0004740740740740741,9.418896761351423e-05,0.0003555555555555555,0.0007111111111111111,20,0.0,0.0,0.0,0.0,20,2.4,0.8207826816681233,1.6,3.2,20,712.1626717400551,389.39699492444663,228.42249889373778,1237.1012575149537,20,224.02325924907322,143.84496892671015,90.6240530412886,473.0351594292077,20,3560.8133587002753,1946.984974622233,1142.112494468689,6185.506287574768
ag_news,emb_replace_a050,embedding_alpha_sweep_replace,replace,embeddings,0.5,0.9,1.0,1.0,all,20,0.9353625424223193,0.007124331112137534,0.920810618168461,0.9434438448816942,20,0.9354210525751114,0.0070694688314022185,0.9210526347160339,0.9434210658073425,20,0.22560387193921366,0.030911700396919276,0.1782569976856834,0.28301643534710536,20,0.9363505617297558,0.0063102589906054735,0.9254837876404887,0.9474192936526232,20,0.9364416599273682,0.006304359931720998,0.9254166483879089,0.9474999904632568,20,0.21915846928904453,0.027680054774325124,0.16721446438630422,0.2629067078828812,20,0.9319071197726725,0.005553851729885066,0.920810618168461,0.9402151896704325,20,0.9319671094417572,0.005487846735133611,0.9210526347160339,0.9401316046714783,20,0.932206972024554,0.004207387553986956,0.9236520343086497,0.9388018421302675,20,0.6131058675791689,0.07675628168966223,0.4984670757022833,0.6974186589536229,20,0.0004740740740740741,5.767872751316002e-05,0.0004148148148148148,0.0005925925925925926,20,0.0,0.0,0.0,0.0,20,5.25,1.1180339887498947,4.0,7.0,20,753.2068562936782,415.07275564728184,296.243737411499,1344.7138430595398,20,199.61966816625082,110.91009997648976,80.31874746498809,422.43265955623355,20,3766.0342814683913,2075.363778236409,1481.2186870574951,6723.569215297699
ag_news,emb_replace_a090,embedding_alpha_sweep_replace,replace,embeddings,0.9,0.9,1.0,1.0,all,20,0.9348122068992033,0.006681393746388368,0.9230464073397716,0.9431099227309179,20,0.9348289489746093,0.0066604505177149,0.9230263233184814,0.9430263042449951,20,0.22022534180079636,0.029087233039327098,0.18025310848888598,0.26596106077495374,20,0.9363700905425457,0.006299476535741188,0.9267250142205773,0.9462097215305558,20,0.936341667175293,0.006261005328840299,0.9269166588783264,0.9460833072662354,20,0.21810717970033489,0.03023442356588904,0.16338125944137574,0.2600688046614329,20,0.932643345509511,0.0061024732585205745,0.9213271146703658,0.9399813177266565,20,0.932717102766037,0.006075814919488135,0.9215789437294006,0.9399999976158142,20,0.9329005764675091,0.006186407805656725,0.923151030732284,0.9432404407334658,20,0.6138359168423174,0.0773165797948422,0.49029448296492656,0.7013699649073437,20,0.0005185185185185185,0.00014111983416628397,0.0003555555555555555,0.0009481481481481482,20,0.0,0.0,0.0,0.0,20,5.25,1.1180339887498947,4.0,7.0,20,767.3635007762908,529.0563947644622,230.9519380569458,1604.6572108268738,20,220.48070454554522,142.25399203357432,67.30538008562182,468.43299613239196,20,3836.8175038814543,2645.281973822311,1154.759690284729,8023.286054134369
ag_news,emb_replace_a060,embedding_alpha_sweep_replace,replace,embeddings,0.6,0.9,1.0,1.0,all,20,0.9348009435550333,0.00715084704657264,0.9208198515085843,0.9448568918486837,20,0.9348552614450455,0.007076211323955941,0.9210526347160339,0.9448684453964233,20,0.219774004066461,0.02538695986855252,0.17811882627637762,0.25727096156070106,20,0.9362953541690671,0.0072522967034721695,0.9232223903073248,0.9465065009641239,20,0.936383330821991,0.007223321074328906,0.9234166741371155,0.9468333125114441,20,0.21223706237375736,0.025423515727539977,0.17084111166000365,0.25793065015474953,20,0.9304637026888931,0.0057444992570716445,0.9216183303271569,0.9404746221528055,20,0.9305065840482711,0.005706923106554056,0.9217105507850647,0.9403947591781616,20,0.9314617871197308,0.006139377662903357,0.9216584497054305,0.9409284364550538,20,0.6136155972780764,0.07710409255420629,0.49257117342628903,0.7002994174465815,20,0.0004977777777777778,7.786034789117467e-05,0.0004148148148148148,0.0007111111111111111,20,0.0,0.0,0.0,0.0,20,5.25,1.1180339887498947,4.0,7.0,20,804.0244672393799,538.3836606526875,229.01911973953247,1603.970233821869,20,222.33003344110062,156.52058525968295,67.3339090756692,471.74617778683734,20,4020.1223361968996,2691.9183032634373,1145.0955986976624,8019.8511691093445
ag_news,emb_replace_a070,embedding_alpha_sweep_replace,replace,embeddings,0.7,0.9,1.0,1.0,all,20,0.9346545909309107,0.00730011183060592,0.9222713125637341,0.9438175481302062,20,0.9347039520740509,0.007229584742181778,0.9222368597984314,0.9436842203140259,20,0.223095208220576,0.03187401168488979,0.17756426535154643,0.28072989689676386,20,0.9360901992598911,0.006513546755300984,0.9245908273429048,0.9450722416101235,20,0.9361749947071075,0.006507579616311156,0.9244166612625122,0.9452499747276306,20,0.21782078412026168,0.03160112709516351,0.16830064868927003,0.2713574293454488,20,0.9314476513967633,0.006008322786668008,0.9215270981677782,0.941157771123912,20,0.9315394788980484,0.005991365589126529,0.9215789437294006,0.941315770149231,20,0.9322352367865836,0.004866299716097172,0.9235402634495482,0.9404447109026517,20,0.6149384057246094,0.07473851463781245,0.5014863728133143,0.6988482851698166,20,0.0005007407407407407,0.00010786418968480611,0.0004148148148148148,0.0007703703703703704,20,0.0,0.0,0.0,0.0,20,5.25,1.1180339887498947,4.0,7.0,20,775.7694435811043,510.8094582271589,283.0266721725464,1602.0008624076843,20,205.52243678323015,120.10846921106567,67.41588924474509,381.8996059627015,20,3878.8472179055216,2554.0472911357947,1415.133360862732,8010.004312038422
ag_news,emb_replace_a080,embedding_alpha_sweep_replace,replace,embeddings,0.8,0.9,1.0,1.0,all,20,0.9345762682327561,0.00667619335731842,0.9235142822642413,0.9434993458742296,20,0.934644740819931,0.00664839813928658,0.9236842393875122,0.9435526132583618,20,0.2265627924603851,0.031194377462799527,0.17467847082175705,0.2755350948321192,20,0.9348662497476402,0.007376852291373035,0.9228419538874806,0.9466030383629463,20,0.9349624991416932,0.007335204814836846,0.9226666688919067,0.9467499852180481,20,0.2250037054553628,0.031508007077379024,0.16749113233884175,0.269980660200119,20,0.8897622543561964,0.18597622551868054,0.09999999999991997,0.9388258737986456,20,0.8973289519548416,0.15246847052183313,0.25,0.9389473795890808,20,0.8898555778264245,0.18627161002624457,0.09893048128334307,0.941043644804304,20,0.6127732917392985,0.07980436859776674,0.4884324379696813,0.6963485789253567,20,0.0016854414997304133,0.00525150741993727,0.0003555555555555555,0.02399031147608975,20,79.45,355.31120162471655,0.0,1589.0,20,5.25,1.1180339887498947,4.0,7.0,20,758.8117676639556,519.1376572509712,229.51367530822753,1603.111803007126,20,227.49951641106864,155.6771254870603,66.85585552169275,470.7093565651345,20,3794.0588383197783,2595.6882862548555,1147.5683765411377,8015.559015035629
imdb,baseline_adamw,baseline,none,none,,,0.0,,all,20,0.8495346175305366,0.024851343843984408,0.8098829026281393,0.8760472494043685,20,0.84962799847126,0.02482435503956162,0.8101999759674072,0.8761600255966187,20,0.3882993893327713,0.06653177045914671,0.3103255847167969,0.5902428021812439,20,0.8557876619053373,0.024178155007647962,0.8131963834814837,0.8891672112272689,20,0.8559200018644333,0.024148174289512717,0.8131999969482422,0.88919997215271,20,0.3803218900489807,0.058441316959610044,0.2952281707763672,0.5351055158615112,20,0.8449107818442693,0.025195243346474362,0.8035523895422044,0.8721288812840493,20,0.8452199965715408,0.024926287998324026,0.806439995765686,0.872160017490387,20,0.8501064274782413,0.023497184006308448,0.8131963834814837,0.8863508308229469,20,0.9825175164435531,0.026432155851476666,0.9309306319945343,0.999715765027047,20,0.0006818181818181818,0.0003732651621203331,0.0002840909090909091,0.0017045454545454547,20,0.0,0.0,0.0,0.0,20,0.0,0.0,0.0,0.0,20,130.1913092947006,61.16686473991285,49.51822695732117,220.9607093334198,20,233.80094072670008,128.12495435537372,102.96929710513578,462.1279612027105,20,650.9565464735031,305.8343236995643,247.59113478660583,1104.803546667099
imdb,delayed_head_mix_a08_lam010_warm1,head_mixed_control,mix,head,0.8,0.9,0.01,2.0,all,20,0.8479488711236971,0.026584520080986097,0.8013136110192991,0.8737588333291338,20,0.8480419993400574,0.026516147927092185,0.801360011100769,0.8737599849700928,20,0.4067440551037788,0.05562171676415362,0.32324364974975583,0.553214621334076,20,0.8517183324616908,0.025795112445407303,0.8070813473113505,0.8803462228058778,20,0.8518399953842163,0.025751334432016642,0.807200014591217,0.8804000020027161,20,0.40296636722564694,0.04678144341157923,0.34161653747558596,0.5295959093093872,20,0.8454741105984004,0.02668133465712689,0.7952958072443539,0.87371873900534,20,0.8457599967718125,0.02636406819663205,0.7971199750900269,0.8737199902534485,20,0.8482191450315547,0.024237082203542305,0.803023754209166,0.8803462228058778,20,0.982717139463299,0.02524652139454421,0.9378243030608537,0.9996370421327334,20,0.0007102272727272727,0.0004273805600465446,0.0002840909090909091,0.0017045454545454545,20,0.0,0.0,0.0,0.0,20,2.4,0.8207826816681233,1.6,3.2,20,148.9960037136078,75.12498332989978,40.55593328475952,242.82938590049744,20,232.91046676052983,169.5628371927665,97.59300173027088,587.4636686885194,20,744.980018568039,375.62491664949886,202.7796664237976,1214.1469295024872
imdb,emb_mix_a08_lam010,embedding_weak_mix,mix,embeddings,0.8,0.9,0.01,1.0,all,20,0.8479471598805455,0.026689239484001412,0.799922097741568,0.874514400530886,20,0.8481279999017716,0.0264499445234656,0.8012400269508362,0.8745200037956238,20,0.409404986723423,0.09189950748783657,0.2981016423034668,0.6705089356899262,20,0.8518660133564919,0.023946690173770116,0.8065934771438257,0.8803915604280033,20,0.8520000010728837,0.02379313914917083,0.807200014591217,0.8804000020027161,20,0.40510361902236935,0.08892857988874621,0.2889067626953125,0.6887453098297119,20,0.8463607792106321,0.02554322151808652,0.799922097741568,0.8722818635683106,20,0.8466040045022964,0.025319435955321514,0.8012400269508362,0.8723199963569641,20,0.8502779284595787,0.022919668663812412,0.8065934771438257,0.8787324588297698,20,0.9790082158563911,0.023169631109551857,0.9366846441828421,0.9942834907557584,20,0.0006534090909090909,0.00020815201621166102,0.0002840909090909091,0.0011363636363636363,20,0.0,0.0,0.0,0.0,20,5.25,1.1180339887498947,4.0,7.0,20,145.2378038740158,69.07346112500974,50.39689249992371,240.09611282348632,20,202.5094980483074,113.09809102545442,93.72702410385679,448.86910485707574,20,726.189019370079,345.36730562504863,251.98446249961853,1200.4805641174316
imdb,emb_mix_a08_lam015,embedding_weak_mix,mix,embeddings,0.8,0.9,0.015,1.0,all,20,0.8472914558004631,0.025652078644854154,0.8042300876560947,0.8781069172636871,20,0.8474579960107803,0.02556225668566992,0.8050400018692017,0.8781200051307678,20,0.38383504307842253,0.0650888563714597,0.2951245260620117,0.5677003431510925,20,0.853425860335625,0.024582667052475766,0.8147997333111154,0.8865764012538764,20,0.8536000043153763,0.024623140288122233,0.8148000240325928,0.8867999911308289,20,0.37776380009651184,0.059108463023725556,0.29536483383178713,0.545090679359436,20,0.8453422704870548,0.02378351838563518,0.8042300876560947,0.8718217921125537,20,0.8456039965152741,0.023718157509509723,0.8050400018692017,0.8719199895858765,20,0.8508556789576766,0.02305198717956392,0.8136713162012799,0.8823228791215612,20,0.975877876603578,0.025069485886518993,0.9268733313867485,0.9923437229998993,20,0.0007102272727272727,0.0004744806116214842,0.0002840909090909091,0.001988636363636364,20,0.0,0.0,0.0,0.0,20,5.25,1.1180339887498947,4.0,7.0,20,137.9540081691742,69.96141577913824,51.53137030601501,239.92770833969115,20,226.44092319393008,138.02514929435836,93.81683276180974,460.416911010921,20,689.770040845871,349.8070788956911,257.6568515300751,1199.6385416984558
imdb,emb_replace_a060,embedding_alpha_sweep_replace,replace,embeddings,0.6,0.9,1.0,1.0,all,20,0.8439454882254642,0.02635113002086276,0.8018166665974193,0.8727287912318149,20,0.8440520018339157,0.026318936735833895,0.8023599982261658,0.8728399872779846,20,0.41979431016254426,0.09156926285513575,0.30348767181396485,0.6561499504852295,20,0.8594942850813899,0.01944456376365596,0.8255982141252121,0.8883047641736252,20,0.8595600038766861,0.019482526666917886,0.8256000280380249,0.8884000182151794,20,0.38562277720451354,0.07111810904156768,0.2994170745849609,0.5732024557113647,20,0.8324708432654069,0.027982578909337624,0.78791859281424,0.8662721943609759,20,0.8328420013189316,0.027877842504478157,0.7896000146865845,0.8662800192832947,20,0.8518615722962185,0.01877400943743226,0.8206897170030454,0.8807980927689837,20,0.6680555065834999,0.11700390698115555,0.5038556168737295,0.8269709185775491,20,0.0008380681818181818,0.000455991643768395,0.0002840909090909091,0.0019886363636363634,20,0.0,0.0,0.0,0.0,20,5.25,1.1180339887498947,4.0,7.0,20,150.98922544240952,78.44098961159067,62.438915967941284,319.66913919448854,20,202.74348266697703,109.87380097376875,75.66946462356492,393.68074081524225,20,754.9461272120476,392.20494805795335,312.1945798397064,1598.3456959724426
imdb,emb_replace_a080,embedding_alpha_sweep_replace,replace,embeddings,0.8,0.9,1.0,1.0,all,20,0.8428253586494415,0.025392098658237734,0.8054804758820693,0.8739627318944051,20,0.8429200053215027,0.02534483812093354,0.8058800101280212,0.8740400075912476,20,0.4867843479118347,0.12509162560066825,0.2898641189575195,0.8198897581100464,20,0.8571126855332611,0.02107509086437895,0.8179985731083126,0.8815223544897381,20,0.8572200030088425,0.021041298442391335,0.8180000185966492,0.881600022315979,20,0.44894469643831253,0.10782779923663728,0.29548525848388674,0.7691657484531402,20,0.8340418417481923,0.02727856195520842,0.7955224860620609,0.8652323677275497,20,0.834267994761467,0.027269338905443863,0.795799970626831,0.8652799725532532,20,0.8501675157868238,0.02307230208782669,0.8115541398149655,0.8815223544897381,20,0.6690972959766963,0.10820431222787687,0.524805164551557,0.8134234884643113,20,0.0008096590909090909,0.0003718399367473101,0.0002840909090909091,0.0017045454545454547,20,0.0,0.0,0.0,0.0,20,5.25,1.1180339887498947,4.0,7.0,20,153.74801493167877,73.46877059927058,62.22564649581909,243.9220690727234,20,192.05514034022613,106.29260274259092,93.70023200352333,367.3083998624376,20,768.7400746583938,367.34385299635295,311.12823247909546,1219.610345363617
imdb,emb_replace_a090,embedding_alpha_sweep_replace,replace,embeddings,0.9,0.9,1.0,1.0,all,20,0.8425423736182264,0.02662085839137515,0.7996218178699317,0.8708329268105721,20,0.842686003446579,0.026539935805658395,0.7996799945831299,0.8708400130271912,20,0.45758956426239017,0.11517876100782677,0.30852850112915037,0.8136610861587524,20,0.8579674809704981,0.02080580074643886,0.8146148818359074,0.8835995343976369,20,0.8581200033426285,0.02078627050163737,0.8148000240325928,0.8835999965667725,20,0.4208674460554123,0.09341783723056031,0.3050493209838867,0.710440260219574,20,0.8330831947901709,0.029279133400546917,0.7857349564757588,0.8665435731401934,20,0.8334379971027375,0.029094380863368068,0.78711998462677,0.8666399717330933,20,0.8516258270219662,0.020600537622722664,0.8101647865766616,0.8815890872497805,20,0.6646634749359686,0.11946243165879622,0.4962233469580449,0.8243050131774906,20,0.0009090909090909091,0.0004929223955535775,0.0002840909090909091,0.002556818181818182,20,0.0,0.0,0.0,0.0,20,5.25,1.1180339887498947,4.0,7.0,20,152.54050891637803,83.09446454798893,50.25364375114441,243.8830246925354,20,218.26773164397008,138.45829827334958,93.76390060975672,454.7223957372432,20,762.7025445818902,415.4723227399447,251.26821875572205,1219.415123462677
imdb,emb_replace_a050,embedding_alpha_sweep_replace,replace,embeddings,0.5,0.9,1.0,1.0,all,20,0.8421255903608049,0.02835447252318096,0.7928155953526795,0.8751749718823423,20,0.8423160016536713,0.028163704724849678,0.7936400175094604,0.8751999735832214,20,0.44729755426621437,0.11130044096172974,0.31364693237304686,0.7810454365968704,20,0.8566359757676641,0.0201173693322553,0.825938479695764,0.8855645524752744,20,0.8567999958992004,0.020039532808872926,0.8259999752044678,0.8855999708175659,20,0.41130340943336485,0.08983082125462383,0.2980287071228027,0.6995165052413941,20,0.8303390875072754,0.031031258001414642,0.7856283782287492,0.8657144306935126,20,0.8308119982481003,0.030600554414839724,0.7866799831390381,0.8657199740409851,20,0.848754700586999,0.022807943890827184,0.8158716699185671,0.8811990686001971,20,0.6693127490725612,0.10870867915254488,0.5136573722524378,0.8220229253835838,20,0.0008380681818181818,0.00047425674720155816,0.0002840909090909091,0.0017045454545454547,20,0.0,0.0,0.0,0.0,20,5.25,1.1180339887498947,4.0,7.0,20,183.82221998214723,102.0544650263206,68.4761815071106,321.59467844963075,20,183.11999487816882,110.62768522315868,72.90653261162204,381.49885845585123,20,919.1110999107361,510.27232513160294,342.380907535553,1607.9733922481537
imdb,emb_replace_a070,embedding_alpha_sweep_replace,replace,embeddings,0.7,0.9,1.0,1.0,all,20,0.8406687558022895,0.02794529362644073,0.7875913245663562,0.8751174032407358,20,0.8408219933509826,0.027882748604202475,0.7880399823188782,0.8751199841499329,20,0.4991226938326359,0.14904003663883583,0.32857155952453615,0.8072535411596298,20,0.8583162091807575,0.0179581104058935,0.8303648244494974,0.8934963250621686,20,0.8583999991416931,0.017961831871141413,0.8303999900817871,0.8935999870300293,20,0.4520809209489823,0.11981576908423335,0.29791221466064455,0.722076340007782,20,0.8316268279896972,0.03011479828743178,0.7875913245663562,0.8651573336781075,20,0.8321220010519028,0.029740243955929793,0.7880399823188782,0.8652399778366089,20,0.8513703447115191,0.020301685919018014,0.8139698889969836,0.8934963250621686,20,0.6705510085637513,0.10770168267185976,0.5266253868397384,0.823015394070682,20,0.0007528409090909091,0.0003940254073531851,0.0002840909090909091,0.0017045454545454545,20,0.0,0.0,0.0,0.0,20,5.25,1.1180339887498947,4.0,7.0,20,137.6522941160202,72.79535144947447,51.00888986587525,238.85595722198485,20,226.2594837764368,133.35472015680858,94.28531991843411,452.74338902205443,20,688.261470580101,363.97675724737235,255.04444932937622,1194.2797861099243
imdb,bottom1_replace_a070,bottom1_layer_replace,replace,bottom1,0.7,0.9,1.0,1.0,all,20,0.8174746049593201,0.11773416708789132,0.33333333333311105,0.8766519498634716,20,0.8259180009365081,0.08221041496794267,0.5,0.8766800165176392,20,0.3565712353134155,0.09867833119606079,0.0,0.4851437353515625,20,0.8221186381438988,0.11723391262237363,0.33616569304279315,0.8815487532521066,20,0.8308600008487701,0.08057135998254897,0.5063999891281128,0.881600022315979,20,0.3533644055557251,0.09423719644190644,0.0,0.4665748046875,20,0.5370023036838942,0.25639376182257734,0.33333333333311105,0.8703561067415277,20,0.6371540039777756,0.17300987322251918,0.5,0.8703600168228149,20,0.5391123940745904,0.2598525254371246,0.32432432432410496,0.8781972422568507,20,0.7652550926525036,0.2074894390152416,0.14306744204103466,0.9585550124703073,20,0.05195800687884863,0.10936314277325705,0.0002840909090909091,0.4005681818181818,20,953.05,975.254972059264,0.0,3404.0,20,13.12,3.427689109528304,3.2,16.0,20,99.5013684296608,52.28160352883376,22.390017127990724,206.77505178451537,20,168.4728617963281,112.07461705868612,9.921387062132371,532.0084172126274,20,497.506842148304,261.4080176441688,111.95008563995361,1033.875258922577
imdb,emb_plus_bottom1_replace_a070,embedding_plus_bottom1_replace,replace,embeddings_plus_bottom1,0.7,0.9,1.0,1.0,all,20,0.8154178396365882,0.11583946112138703,0.33333333333311105,0.8692441423499356,20,0.8238779991865158,0.0797069172621624,0.5,0.8692799806594849,20,0.3808766277217865,0.11608223481522725,0.0,0.6461195388412475,20,0.8287546755683193,0.11933843098445433,0.32885906040246365,0.8851483810878957,20,0.8369800001382828,0.08404785110693032,0.49000000953674316,0.885200023651123,20,0.35211952512741085,0.09627646583804948,0.0,0.5127867626190186,20,0.45448990185546584,0.2155383821333378,0.33333333333311105,0.8568203330695379,20,0.5796039998531342,0.1418133432182245,0.5,0.8568400144577026,20,0.46066772702615066,0.22823358763932258,0.3265086206894351,0.8803765538040451,20,0.4731411198127005,0.12723623339560186,0.1296837287789703,0.695740687051136,20,0.03207570148934744,0.07253035570365199,0.0002840909090909091,0.2002840909090909,20,1165.5,965.3010711144667,0.0,3418.0,20,16.44,4.47194765057393,4.6,21.0,20,99.09053040981293,51.25900084684945,31.530093288421632,197.61109266281127,20,168.6154617300316,131.78172980227203,10.16924860208571,540.5838303238513,20,495.4526520490646,256.2950042342473,157.65046644210815,988.0554633140564
imdb,bottom2_replace_a070,bottom2_layer_replace,replace,bottom2,0.7,0.9,1.0,1.0,all,20,0.7629313013104941,0.18643099859562715,0.33333333333311105,0.8707186761587438,20,0.7881160020828247,0.12605733934310345,0.5,0.8707200288772583,20,0.32304210948181156,0.1440590242027303,0.0,0.43298172241210936,20,0.7621778839767049,0.18957615403304345,0.3180578286959095,0.870246454844305,20,0.7858000010251999,0.1328738857462032,0.46639999747276306,0.8704000115394592,20,0.3258354438781738,0.14510741014018022,0.0,0.44252940673828123,20,0.437403760051524,0.21391054815097066,0.33333333333311105,0.8723695737227102,20,0.5708639979362488,0.1459004607774818,0.5,0.8723999857902527,20,0.4342256033279924,0.21347264838151167,0.3180578286959095,0.8675796390447991,20,0.702071235022111,0.3035612870378962,0.1668290107790742,0.9533141090528641,20,0.11221836825288137,0.21911616559196245,0.0002840909090909091,0.8011363636363636,20,1247.6,1262.7120520196952,0.0,3488.0,20,24.32,10.087282248350878,6.4,32.0,20,82.54657417535782,58.809110709014206,26.42451753616333,220.75424251556396,20,193.0163073152314,172.24561611752495,4.7690423436889215,615.5041633102644,20,412.7328708767891,294.0455535450711,132.12258768081665,1103.7712125778198
imdb,negative_full_replace_a08,negative_global_replace,replace,all,0.8,0.9,1.0,1.0,all,20,0.7028459021858854,0.21921647434139513,0.33333333333311105,0.8541198298448693,20,0.7448060005903244,0.1455153456060673,0.5,0.8541200160980225,20,0.306904931350708,0.18393939695916012,0.0,0.4629005737304687,20,0.7117585224799119,0.22372517371045025,0.33172948409493985,0.8547395484099658,20,0.7539800018072128,0.14935800653398904,0.49639999866485596,0.8547999858856201,20,0.2893776504516602,0.17284583899403674,0.0,0.4194171875,20,0.33333333333311105,0.0,0.33333333333311105,0.33333333333311105,20,0.5,0.0,0.5,0.5,20,0.3340420102349594,0.003694745381034212,0.32523616734121086,0.3393234672302196,20,0.25784862425644295,0.14339652515942194,0.05120717926188366,0.4791412937766671,20,0.11437948807258953,0.3199889868677297,0.0006259780907668232,1.4019886363636362,20,1962.45,1009.4231534057354,361.0,3486.0,20,56.739999999999995,40.31816098562976,20.8,162.4,20,62.852071747779846,34.89558008737122,22.56293888092041,149.94770250320434,20,117.10888466284155,98.78752727405407,3.5323802569368903,285.33497366768864,20,314.26035873889924,174.47790043685612,112.81469440460205,749.7385125160217
20newsgroups,emb_replace_a050,embedding_alpha_sweep_replace,replace,embeddings,0.5,0.9,1.0,1.0,all,20,0.5826601894080928,0.07381425903157499,0.48378807785527034,0.6862062207984061,20,0.6136351525783539,0.05704679799074975,0.5347849130630493,0.6923791766166687,20,1.5404653927318226,0.2675954107598015,1.2720496066377571,1.9814088794695084,20,0.6104659029657828,0.09060946912878946,0.49236719889619973,0.7376997674263157,20,0.6408046007156372,0.07446578714282046,0.5366932153701782,0.7418214082717896,20,1.4333952710664872,0.33325903381367744,0.9936430344636413,1.9598029262718113,20,0.5826601894080928,0.07381425903157499,0.48378807785527034,0.6862062207984061,20,0.6136351525783539,0.05704679799074975,0.5347849130630493,0.6923791766166687,20,0.6104659029657828,0.09060946912878946,0.49236719889619973,0.7376997674263157,20,0.8001934832310095,0.07553515443208708,0.7264328030586888,0.9251705584353809,20,0.0005329153605015673,0.0006194902408577331,0.0,0.0018808777429467085,20,0.0,0.0,0.0,0.0,20,5.25,1.1180339887498947,4.0,7.0,20,66.29260654687882,35.56260791623021,24.876507377624513,121.15287728309632,20,218.55585159851398,128.57538010249064,84.89824555487817,487.2128862136815,20,331.46303273439406,177.81303958115103,124.38253688812256,605.7643864154816
20newsgroups,emb_replace_a060,embedding_alpha_sweep_replace,replace,embeddings,0.6,0.9,1.0,1.0,all,20,0.5767816971374385,0.07641688577445595,0.4554329217838123,0.68697858795484,20,0.6106877326965332,0.05860341458330977,0.5261550545692444,0.6941051483154297,20,1.5305983964806849,0.27470962557560885,1.09697097201203,1.9766898862997775,20,0.6059535085986578,0.09216676760255768,0.45921098838606955,0.7352419356291846,20,0.64053935110569,0.07250020770874355,0.5384615659713745,0.744473934173584,20,1.4350546630344803,0.3366399665558402,0.9457372637790036,1.9437621751788652,20,0.577785847857349,0.07711398340412422,0.4554329217838123,0.68697858795484,20,0.6111988872289658,0.05872694571211569,0.5261550545692444,0.6941051483154297,20,0.6052921787822803,0.09135735978118266,0.45921098838606955,0.7352419356291846,20,0.7995640904520107,0.0749370246370238,0.7374607211421484,0.9257755006533775,20,0.0005642633228840125,0.0007016992149683579,0.0,0.0018808777429467085,20,0.0,0.0,0.0,0.0,20,5.25,1.1180339887498947,4.0,7.0,20,65.10343248605729,35.06905530808701,25.403643894195557,130.86648745536803,20,223.27127805845117,132.13417866316036,77.84862800744875,500.7653892396003,20,325.5171624302864,175.34527654043504,127.01821947097778,654.3324372768402
20newsgroups,emb_replace_a080,embedding_alpha_sweep_replace,replace,embeddings,0.8,0.9,1.0,1.0,all,20,0.5756347348750827,0.07904179091256576,0.4654824228010165,0.6882908550536389,20,0.607315456867218,0.06378887886990793,0.5146043300628662,0.6949017643928528,20,1.5256806083185777,0.2920739097480083,1.1774413807241446,1.9994610235277035,20,0.6079025931723637,0.08811666257443078,0.503795947443771,0.7420490870471887,20,0.6437665760517121,0.07231293077996422,0.5579133629798889,0.7488948106765747,20,1.4100591061865724,0.34459985217309025,1.0050276829856988,1.9623181575383895,20,0.5751322805717513,0.07835693562180412,0.4654824228010165,0.6882908550536389,20,0.6063329815864563,0.06252560569573994,0.5146043300628662,0.6949017643928528,20,0.6076160457940378,0.08775606472509122,0.503795947443771,0.7420490870471887,20,0.7994887050349887,0.07606837268775118,0.7261752647559864,0.9249924253266915,20,0.0005642633228840125,0.0006400223016100819,0.0,0.0018808777429467085,20,0.0,0.0,0.0,0.0,20,5.25,1.1180339887498947,4.0,7.0,20,64.9474513220787,32.40257852826723,28.035337114334105,106.71165728569031,20,215.36510923180822,119.1016423106559,95.81748924796598,455.2217694937802,20,324.7372566103935,162.01289264133615,140.17668557167053,533.5582864284515
20newsgroups,emb_replace_a090,embedding_alpha_sweep_replace,replace,embeddings,0.9,0.9,1.0,1.0,all,20,0.5751986873477616,0.08241982591087006,0.4649985628666654,0.6863961431983169,20,0.6078332483768463,0.0643918938914256,0.5231014490127563,0.694370687007904,20,1.5497009131671644,0.28506530955061893,1.275860660391416,1.9913711912506638,20,0.6042894575621549,0.09783604503516594,0.4665130251865196,0.7423915102179028,20,0.6374889522790909,0.07770988526735237,0.5269672870635986,0.7488948106765747,20,1.4507438526888214,0.3469452087073559,1.008580130670684,1.9882501656770917,20,0.5519027928824293,0.15102231669731267,0.004063176665389044,0.6863961431983169,20,0.5837891673669219,0.14138895316513675,0.04235262796282768,0.694370687007904,20,0.5805818308349904,0.16464760872593218,0.004233700254017954,0.7423915102179028,20,0.8002314641618977,0.07556102803285686,0.736479570419778,0.9267057777568217,20,0.029824973876698007,0.1305792338329216,0.0,0.584587251828631,20,12.35,55.23087904424481,0.0,247.0,20,5.25,1.1180339887498947,4.0,7.0,20,69.36740216732025,42.227338259733045,26.360523653030395,147.3609805583954,20,213.9469788633343,126.18946955206567,70.184365262633,480.6117557743693,20,346.8370108366013,211.13669129866523,131.80261826515198,736.8049027919769
20newsgroups,emb_replace_a070,embedding_alpha_sweep_replace,replace,embeddings,0.7,0.9,1.0,1.0,all,20,0.5749253480866283,0.07946068026382895,0.4782884120273917,0.6831869478400282,20,0.6073685556650161,0.061728103157444425,0.5315985083580017,0.6881306171417236,20,1.5434457793665641,0.2709622445914164,1.2956089662606578,2.012842859983824,20,0.6012284814149933,0.09346851032851833,0.49115516102156215,0.7366663832313651,20,0.6339522570371627,0.07508270576132044,0.5411140322685242,0.7506631016731262,20,1.4407368804268033,0.33002719665341373,1.023609505460707,1.9769700488403348,20,0.5749253480866283,0.07946068026382895,0.4782884120273917,0.6831869478400282,20,0.6073685556650161,0.061728103157444425,0.5315985083580017,0.6881306171417236,20,0.6012284814149933,0.09346851032851833,0.49115516102156215,0.7366663832313651,20,0.7988877446460043,0.07538118418175567,0.7329196814288389,0.9244661547347859,20,0.0007210031347962382,0.0007950018136487492,0.0,0.0018808777429467085,20,0.0,0.0,0.0,0.0,20,5.25,1.1180339887498947,4.0,7.0,20,72.51152700185776,38.309232439599825,26.221033096313477,131.624724817276,20,198.19275723456826,125.0879963638423,77.39483566927024,525.658876572665,20,362.5576350092888,191.5461621979991,131.10516548156738,658.12362408638
20newsgroups,emb_mix_a08_lam015,embedding_weak_mix,mix,embeddings,0.8,0.9,0.015,1.0,all,20,0.53188756034713,0.10442782517384429,0.38119361884885383,0.679969976560885,20,0.5710833758115769,0.0860203524745979,0.44012215733528137,0.6915825605392456,20,1.590788655379511,0.3537704643811284,1.162927392626847,2.160438638890733,20,0.5511218420653144,0.12474706810436417,0.36527915737367184,0.7326902326653353,20,0.5888152077794075,0.10608197493227334,0.4093722403049469,0.7400530576705933,20,1.5176333560393407,0.41328678152092885,0.9709112739584068,2.137261860672085,20,0.5109701035319743,0.15645096641782574,0.004063176665389044,0.679969976560885,20,0.5482076456770301,0.14592878644682422,0.04235262796282768,0.6915825605392456,20,0.5311452600548114,0.17252345157620513,0.003662691652466652,0.7326902326653353,20,0.9922845355817907,0.0050655447992479,0.9816625442277503,0.9975234268089979,20,0.0009729697758324954,0.0018296691979918206,0.0,0.008174129058969658,20,10.65,47.628247920745515,0.0,213.0,20,5.25,1.1180339887498947,4.0,7.0,20,62.846366152763366,28.474115894493643,26.91403284072876,104.19394083023072,20,213.34161256299495,116.40860667551985,90.59513964737259,450.20439172745347,20,314.23183076381684,142.37057947246822,134.5701642036438,520.9697041511536
20newsgroups,emb_mix_a08_lam010,embedding_weak_mix,mix,embeddings,0.8,0.9,0.01,1.0,all,20,0.5314129857255481,0.10567455457728295,0.35820908900692866,0.6770929253669633,20,0.5705589488148689,0.0880787309596105,0.4206054210662842,0.690122127532959,20,1.590895738993562,0.3613872682611906,1.1101090273702645,2.1484822310226366,20,0.5562820509648463,0.12402682545767056,0.37513943454511384,0.7334827943476536,20,0.5991158276796341,0.10338656720135923,0.44739168882369995,0.7471264600753784,20,1.5037370274885897,0.42479449157990584,0.930937176357846,2.123754904398762,20,0.5315261781973437,0.10583083815880549,0.35820908900692866,0.6770929253669633,20,0.5705589488148689,0.0880787309596105,0.4206054210662842,0.690122127532959,20,0.555979877851592,0.12361423227694242,0.37513943454511384,0.7334827943476536,20,0.9931883837481065,0.005917166110648904,0.9816239640317697,0.9981304220760003,20,0.0006269592476489028,0.0007046413629454751,0.0,0.0018808777429467085,20,0.0,0.0,0.0,0.0,20,5.25,1.1180339887498947,4.0,7.0,20,73.06987849473953,40.556830250366644,26.64240550994873,146.1631983757019,20,204.6379914517132,127.48936844472449,71.19680137129252,513.5982612378735,20,365.34939247369766,202.78415125183318,133.21202754974365,730.8159918785095
20newsgroups,delayed_head_mix_a08_lam010_warm1,head_mixed_control,mix,head,0.8,0.9,0.01,2.0,all,20,0.5292710832445326,0.10302986734065096,0.3708518113027013,0.6760454001713379,20,0.569596391916275,0.0844407801991846,0.4472915530204773,0.687865138053894,20,1.5743494574765986,0.3555026150921905,1.1120194552809521,2.123998154874691,20,0.5491872027782463,0.11418246878258026,0.3871543168834053,0.7186347711565992,20,0.5913793116807937,0.0951640959866729,0.4597701132297516,0.7294429540634155,20,1.5065348459518029,0.3991433964042419,0.9744730575436727,2.1157757580333003,20,0.5299334222490536,0.10398540894348633,0.3708518113027013,0.676967887572997,20,0.5703066915273667,0.08547014352681294,0.4472915530204773,0.6910515427589417,20,0.5484373710979191,0.1131317876758826,0.3871543168834053,0.7186347711565992,20,0.996211266370724,0.0046254239483209305,0.9858118829928216,0.999166744026353,20,0.0005015673981191222,0.0005607693987460287,0.0,0.0012539184952978055,20,0.0,0.0,0.0,0.0,20,2.4,0.8207826816681233,1.6,3.2,20,68.01090041160583,35.68137965818916,29.51023950576782,124.7717339038849,20,204.4034680765713,108.44462726005231,81.8067977173084,423.4594879059949,20,340.0545020580292,178.4068982909458,147.5511975288391,623.8586695194244
20newsgroups,baseline_adamw,baseline,none,none,,,0.0,,all,20,0.527443929698491,0.10748053932770711,0.37877642086398444,0.6802674032802664,20,0.5670074358582496,0.08832808317209828,0.43959107995033264,0.6917153596878052,20,1.5868658516914111,0.346543858894516,1.1667835865322098,2.1460438067775045,20,0.5458140496719865,0.12154569345846916,0.3760993269273266,0.7283347112242521,20,0.585587976872921,0.10238225203167649,0.4482758641242981,0.7391688823699951,20,1.5076187675547064,0.4179083545860897,0.8938430768530734,2.151334377224734,20,0.527443929698491,0.10748053932770711,0.37877642086398444,0.6802674032802664,20,0.5670074358582496,0.08832808317209828,0.43959107995033264,0.6917153596878052,20,0.5458140496719865,0.12154569345846916,0.3760993269273266,0.7283347112242521,20,0.9966462182485392,0.005462687369219983,0.9824844803207874,0.9999998194280806,20,0.0005642633228840125,0.0006400223016100819,0.0,0.0018808777429467085,20,0.0,0.0,0.0,0.0,20,0.0,0.0,0.0,0.0,20,61.32148883104325,29.357967007320415,24.49966444969177,112.39957609176636,20,223.89031423571387,114.04110625157823,95.59390615205784,430.7032846606151,20,306.6074441552162,146.78983503660208,122.49832224845886,561.9978804588318
20newsgroups,bottom1_replace_a070,bottom1_layer_replace,replace,bottom1,0.7,0.9,1.0,1.0,all,20,0.49036689214822005,0.15899118552401903,0.004063176665389044,0.6783281176097542,20,0.5335501899942756,0.14542917097288194,0.04235262796282768,0.6890600323677063,20,1.6073967500041282,0.5304630217051497,0.0,2.222815725756527,20,0.507930957474658,0.17165829041732666,0.003744680851060219,0.7223104943271343,20,0.5484084859490395,0.15716828754871218,0.038903623819351196,0.7276746034622192,20,1.5515182644603107,0.5572318951592827,0.0,2.206316312786544,20,0.3560945734214104,0.27344545152576916,0.004063176665389044,0.6783281176097542,20,0.39341476652771235,0.2699822045229739,0.04235262796282768,0.6890600323677063,20,0.367735502972916,0.285321029051441,0.003084832904881323,0.7223104943271343,20,0.8061280165752402,0.2310023402101823,0.19268565101579258,0.9503827664560817,20,0.02159588385215889,0.06140815653509989,0.0,0.2012539184952978,20,305.7,483.50247373230997,0.0,1492.0,20,13.76,3.8985017364974563,3.2,16.0,20,43.9965582895279,18.490897414747014,12.787239027023315,89.34617104530335,20,202.83604143239629,130.14812420372039,17.292498024007713,425.3349588887824,20,219.98279144763947,92.45448707373507,63.93619513511658,446.7308552265167
20newsgroups,emb_plus_bottom1_replace_a070,embedding_plus_bottom1_replace,replace,embeddings_plus_bottom1,0.7,0.9,1.0,1.0,all,20,0.46951805607204744,0.23187947355328137,0.004063176665389044,0.6791974919648133,20,0.5089551197364927,0.2220170827366637,0.04235262796282768,0.6877323389053345,20,1.3581465961194963,0.6934896914211478,0.0,2.5361794884763245,20,0.49239152138850706,0.2465703660964948,0.004152542372877368,0.7299824721021323,20,0.5320954943075776,0.23471825168848343,0.04332449287176132,0.7409372329711914,20,1.2865699745905705,0.69754732902145,0.0,2.5362761463347416,20,0.3535172037641795,0.2964400233790424,0.004063176665389044,0.6791974919648133,20,0.3879314884543419,0.2917448485504243,0.04235262796282768,0.6877323389053345,20,0.37106080771665073,0.3118343179077579,0.003744680851060219,0.7299824721021323,20,0.5614223792989155,0.2088649190945997,0.1598683655583239,0.8165825731577343,20,0.011141847275516644,0.0447710145285759,0.0,0.2012539184952978,20,398.2,555.6576568166296,0.0,1472.0,20,16.66,6.526415958484251,4.0,23.0,20,43.66055942773819,18.956591184327007,24.651750755310058,88.60367598533631,20,188.75324109491575,136.45749240747236,9.52382464459888,421.31766499259777,20,218.30279713869095,94.78295592163502,123.2587537765503,443.0183799266815
ag_news,bottom1_replace_a070,bottom1_layer_replace,replace,bottom1,0.7,0.9,1.0,1.0,all,20,0.46658679457989294,0.4158680377319799,0.09999999999991997,0.9363356149138995,20,0.5491776317358017,0.33942139998941556,0.25,0.9364473819732666,20,0.118868391642445,0.13681177518928878,0.0,0.3063141310842414,20,0.4682904564812377,0.4175958466131989,0.09699086512619799,0.9385500366387233,20,0.5511333294212818,0.34099771229618603,0.24066667258739471,0.9387500286102295,20,0.11420986941258113,0.13145910370433267,0.0,0.3011341959635417,20,0.14181678074561893,0.18701032869517453,0.09999999999991997,0.9363356149138995,20,0.2843223690986633,0.1534943009068988,0.25,0.9364473819732666,20,0.14207581774062988,0.18747615876572468,0.09699086512619799,0.9385500366387233,20,0.3016105997980428,0.18011310912893577,0.18260018465100614,0.9477766550478155,20,0.0021464550376393506,0.0035677460986233093,0.0001477650535648319,0.013636363636363636,20,13818.55,3856.225922555558,0.0,16831.0,20,5.12,3.0090390142824144,3.2,16.0,20,118.54750985622407,74.12720637731712,58.46088666915894,402.81799030303955,20,71.65032359137919,73.72948163232846,3.047482724882536,277.0324237426113,20,592.7375492811203,370.63603188658567,292.3044333457947,2014.0899515151978
20newsgroups,negative_full_replace_a08,negative_global_replace,replace,all,0.8,0.9,1.0,1.0,all,20,0.4158936270633986,0.2420099938283689,0.004063176665389044,0.6507379468062737,20,0.46196893472224476,0.22629645612553556,0.04235262796282768,0.6708709597587585,20,1.3601178248211607,0.6996003763765374,0.0,2.38759573722734,20,0.43762931624445356,0.261201494630753,0.003744680851060219,0.7120388636041765,20,0.48191865608096124,0.2455039570259309,0.038903623819351196,0.7285587787628174,20,1.2884530363385387,0.7075178102762569,0.0,2.3871340692623013,20,0.2966920225989086,0.30112058798660574,0.004063176665389044,0.6277846978714579,20,0.3307952728122473,0.2964306039729827,0.04235262796282768,0.6477695107460022,20,0.31502332264879673,0.3210421530512644,0.0030017152658632926,0.6872515830512079,20,0.2807539383957459,0.1372938836136626,0.07083159427721386,0.4261963638496803,20,0.001898828602091127,0.0025287913582239282,0.0,0.009302325581395349,20,545.55,594.3794176325954,0.0,1487.0,20,62.220000000000006,29.934096032169705,20.8,121.8,20,39.10023040056229,15.344401537768158,14.91057047843933,73.45570487976075,20,165.5652884524443,143.23903576037057,15.156612885064286,506.8858752471715,20,195.50115200281144,76.72200768884079,74.55285239219666,367.2785243988037
20newsgroups,bottom2_replace_a070,bottom2_layer_replace,replace,bottom2,0.7,0.9,1.0,1.0,all,20,0.3654116425827939,0.22839494267284274,0.004063176665389044,0.6003578701376963,20,0.41420605313032866,0.22833498191924798,0.04235262796282768,0.6270579099655151,20,1.3343065566701326,0.8309694357998078,0.0,2.2538756513874136,20,0.377813815984056,0.23731606712885847,0.003333333333330106,0.6204974208324321,20,0.426834661886096,0.23751047541223486,0.03448275849223137,0.6516357064247131,20,1.3048592565572967,0.8213184541204075,0.0,2.2253087707371124,20,0.2723693683370444,0.27713353202256796,0.004063176665389044,0.6003578701376963,20,0.31034917794167993,0.27624396021198805,0.04235262796282768,0.6270579099655151,20,0.28121173701292757,0.28647907890330293,0.003333333333330106,0.6204974208324321,20,0.6689152658048927,0.31560122527045065,0.17552397464244773,0.9375350123292236,20,0.0026057228248967616,0.004356167282603879,0.0,0.014285714285714285,20,508.75,578.9677633967469,0.0,1402.0,20,23.36,10.844275715301308,6.4,32.0,20,39.26478993177414,17.058408547528902,18.422262239456177,79.55883851051331,20,173.64600742510942,138.7925627390135,16.674124191857732,371.3371774491967,20,196.3239496588707,85.29204273764451,92.11131119728088,397.7941925525665
ag_news,emb_plus_bottom1_replace_a070,embedding_plus_bottom1_replace,replace,embeddings_plus_bottom1,0.7,0.9,1.0,1.0,all,20,0.3469875250039229,0.3870981026551855,0.09999999999991997,0.9345202216693402,20,0.4519934177398682,0.31658670281803974,0.25,0.9344736933708191,20,0.0736763519927075,0.11639442470681986,0.0,0.2681215406719007,20,0.3466882864845275,0.3867702655057301,0.09720730397414293,0.9391958224385835,20,0.45160833075642587,0.31639627768315604,0.24133333563804626,0.9392499923706055,20,0.07282889159123103,0.11529023819151707,0.0,0.268986759185791,20,0.09999999999991997,0.0,0.09999999999991997,0.09999999999991997,20,0.25,0.0,0.25,0.25,20,0.0998217401854476,0.0012173275334803097,0.09720730397414293,0.10233297985145623,20,0.16319790398391607,0.060306150442893475,0.10010541299382159,0.38680362985062244,20,0.0023696158487610747,0.0032269707447323192,0.00013554727211114877,0.010344827586206896,20,14586.4,2461.4615341724366,6665.0,16817.0,20,5.93,3.146443271879837,4.0,16.8,20,97.47718104362488,50.07180695383217,44.170567464828494,255.3584719181061,20,59.68937764609039,65.66962370740092,3.99219312824357,184.26553156102673,20,487.3859052181244,250.35903476916084,220.85283732414246,1276.7923595905304
ag_news,negative_full_replace_a08,negative_global_replace,replace,all,0.8,0.9,1.0,1.0,all,20,0.3043582563662187,0.3631628007889708,0.09999999999991997,0.926457221493828,20,0.4169013172388077,0.29660157573360085,0.25,0.926578938961029,20,0.06384075952831067,0.11385392755344989,0.0,0.27316653703388416,20,0.3047395685887842,0.3645018817748473,0.09720730397414293,0.9237175975554048,20,0.41664999946951864,0.29822347752863276,0.24133333563804626,0.9235833287239075,20,0.06145349094867707,0.10934752477716672,0.0,0.25741036860148114,20,0.09999999999991997,0.0,0.09999999999991997,0.09999999999991997,20,0.25,0.0,0.25,0.25,20,0.09979043918889548,0.0013169857144303822,0.09720730397414293,0.10225389459720069,20,0.10246579207198406,0.022720302587559804,0.07393546583526658,0.14086213749608906,20,0.005022284444228808,0.006971569434846709,0.0001491980604252145,0.02222222222222222,20,15261.05,1618.5721282076142,12864.0,16834.0,20,23.419999999999998,10.962692715703902,8.2,40.6,20,77.25441346168517,17.54726465251272,50.371035766601565,107.84299864768983,20,50.19897724208063,56.31178630962283,3.074156911785251,167.17542716946326,20,386.2720673084259,87.73632326256359,251.8551788330078,539.2149932384491
ag_news,bottom2_replace_a070,bottom2_layer_replace,replace,bottom2,0.7,0.9,1.0,1.0,all,20,0.30316449255143874,0.36105025646311323,0.09999999999991997,0.9214551601949235,20,0.4157171070575714,0.2945080900749428,0.25,0.9217105507850647,20,0.066765642467298,0.11951781614226017,0.0,0.30107167294150905,20,0.30348316873547965,0.3606884693096757,0.09858165518156262,0.9252997945751755,20,0.4168666675686836,0.2936145644701038,0.24558334052562714,0.9254166483879089,20,0.06580594596862793,0.11806306340354036,0.0,0.3000301450093587,20,0.09999999999991997,0.0,0.09999999999991997,0.09999999999991997,20,0.25,0.0,0.25,0.25,20,0.1004852779311652,0.0009456629559372967,0.09858165518156262,0.10283312371740025,20,0.22996981162020896,0.08489918138947593,0.17582221600431455,0.3780344278652817,20,0.0029148621050632114,0.003703191406803038,0.00013297872340425532,0.010526315789473684,20,15122.15,1873.0013986843915,10633.0,16837.0,20,8.0,2.8432746132436444,6.4,12.8,20,91.36475253582,32.435679932949036,42.23405776023865,166.41786713600158,20,47.825567420473355,53.14853225914824,2.325631893231974,166.04550029173282,20,456.8237626791,162.17839966474526,211.17028880119324,832.0893356800079
